"Date","Source","Site ID","POC","Daily Max 1-hour NO2 Concentration","UNITS","DAILY_AQI_VALUE","Site Name","DAILY_OBS_COUNT","PERCENT_COMPLETE","AQS_PARAMETER_CODE","AQS_PARAMETER_DESC","CBSA_CODE","CBSA_NAME","STATE_CODE","STATE","COUNTY_CODE","COUNTY","SITE_LATITUDE","SITE_LONGITUDE"
"01/01/2021","AQS","360050110","1","25.1","ppb","24","IS 52","24","100.0000","42602","Nitrogen dioxide (NO2)","35620","New York-Newark-Jersey City, NY-NJ-PA","36","New York","005","Bronx","40.816","-73.902"
"01/02/2021","AQS","360050110","1","27.5","ppb","25","IS 52","24","100.0000","42602","Nitrogen dioxide (NO2)","35620","New York-Newark-Jersey City, NY-NJ-PA","36","New York","005","Bronx","40.816","-73.902"
"01/03/2021","AQS","360050110","1","19.4","ppb","18","IS 52","24","100.0000","42602","Nitrogen dioxide (NO2)","35620","New York-Newark-Jersey City, NY-NJ-PA","36","New York","005","Bronx","40.816","-73.902"
"01/04/2021","AQS","360050110","1","20.8","ppb","19","IS 52","24","100.0000","42602","Nitrogen dioxide (NO2)","35620","New York-Newark-Jersey City, NY-NJ-PA","36","New York","005","Bronx","40.816","-73.902"
"01/05/2021","AQS","360050110","1","28.6","ppb","26","IS 52","24","100.0000","42602","Nitrogen dioxide (NO2)","35620","New York-Newark-Jersey City, NY-NJ-PA","36","New York","005","Bronx","40.816","-73.902"
"01/06/2021","AQS","360050110","1","24.6","ppb","23","IS 52","22","92.0000","42602","Nitrogen dioxide (NO2)","35620","New York-Newark-Jersey City, NY-NJ-PA","36","New York","005","Bronx","40.816","-73.902"
"01/07/2021","AQS","360050110","1","19.4","ppb","18","IS 52","24","100.0000","42602","Nitrogen dioxide (NO2)","35620","New York-Newark-Jersey City, NY-NJ-PA","36","New York","005","Bronx","40.816","-73.902"
"01/08/2021","AQS","360050110","1","25.8","ppb","24","IS 52","24","100.0000","42602","Nitrogen dioxide (NO2)","35620","New York-Newark-Jersey City, NY-NJ-PA","36","New York","005","Bronx","40.816","-73.902"
"01/09/2021","AQS","360050110","1","19.1","ppb","18","IS 52","24","100.0000","42602","Nitrogen dioxide (NO2)","35620","New York-Newark-Jersey City, NY-NJ-PA","36","New York","005","Bronx","40.816","-73.902"
"01/10/2021","AQS","360050110","1","39.6","ppb","37","IS 52","24","100.0000","42602","Nitrogen dioxide (NO2)","35620","New York-Newark-Jersey City, NY-NJ-PA","36","New York","005","Bronx","40.816","-73.902"
"01/11/2021","AQS","360050110","1","49.1","ppb","46","IS 52","24","100.0000","42602","Nitrogen dioxide (NO2)","35620","New York-Newark-Jersey City, NY-NJ-PA","36","New York","005","Bronx","40.816","-73.902"
"01/12/2021","AQS","360050110","1","42.6","ppb","40","IS 52","20","83.0000","42602","Nitrogen dioxide (NO2)","35620","New York-Newark-Jersey City, NY-NJ-PA","36","New York","005","Bronx","40.816","-73.902"
"01/13/2021","AQS","360050110","1","37.4","ppb","35","IS 52","24","100.0000","42602","Nitrogen dioxide (NO2)","35620","New York-Newark-Jersey City, NY-NJ-PA","36","New York","005","Bronx","40.816","-73.902"
"01/14/2021","AQS","360050110","1","45.5","ppb","42","IS 52","24","100.0000","42602","Nitrogen dioxide (NO2)","35620","New York-Newark-Jersey City, NY-NJ-PA","36","New York","005","Bronx","40.816","-73.902"
"01/15/2021","AQS","360050110","1","29.5","ppb","27","IS 52","24","100.0000","42602","Nitrogen dioxide (NO2)","35620","New York-Newark-Jersey City, NY-NJ-PA","36","New York","005","Bronx","40.816","-73.902"
"01/16/2021","AQS","360050110","1","25.2","ppb","24","IS 52","24","100.0000","42602","Nitrogen dioxide (NO2)","35620","New York-Newark-Jersey City, NY-NJ-PA","36","New York","005","Bronx","40.816","-73.902"
"01/17/2021","AQS","360050110","1","20.4","ppb","19","IS 52","24","100.0000","42602","Nitrogen dioxide (NO2)","35620","New York-Newark-Jersey City, NY-NJ-PA","36","New York","005","Bronx","40.816","-73.902"
"01/18/2021","AQS","360050110","1","28.4","ppb","26","IS 52","24","100.0000","42602","Nitrogen dioxide (NO2)","35620","New York-Newark-Jersey City, NY-NJ-PA","36","New York","005","Bronx","40.816","-73.902"
"01/19/2021","AQS","360050110","1","30.5","ppb","28","IS 52","21","88.0000","42602","Nitrogen dioxide (NO2)","35620","New York-Newark-Jersey City, NY-NJ-PA","36","New York","005","Bronx","40.816","-73.902"
"01/20/2021","AQS","360050110","1","35.9","ppb","33","IS 52","21","88.0000","42602","Nitrogen dioxide (NO2)","35620","New York-Newark-Jersey City, NY-NJ-PA","36","New York","005","Bronx","40.816","-73.902"
"01/22/2021","AQS","360050110","1","37.5","ppb","35","IS 52","24","100.0000","42602","Nitrogen dioxide (NO2)","35620","New York-Newark-Jersey City, NY-NJ-PA","36","New York","005","Bronx","40.816","-73.902"
"01/23/2021","AQS","360050110","1","11.5","ppb","10","IS 52","24","100.0000","42602","Nitrogen dioxide (NO2)","35620","New York-Newark-Jersey City, NY-NJ-PA","36","New York","005","Bronx","40.816","-73.902"
"01/24/2021","AQS","360050110","1","18.7","ppb","17","IS 52","24","100.0000","42602","Nitrogen dioxide (NO2)","35620","New York-Newark-Jersey City, NY-NJ-PA","36","New York","005","Bronx","40.816","-73.902"
"01/25/2021","AQS","360050110","1","34.8","ppb","32","IS 52","20","83.0000","42602","Nitrogen dioxide (NO2)","35620","New York-Newark-Jersey City, NY-NJ-PA","36","New York","005","Bronx","40.816","-73.902"
"01/26/2021","AQS","360050110","1","23.5","ppb","22","IS 52","24","100.0000","42602","Nitrogen dioxide (NO2)","35620","New York-Newark-Jersey City, NY-NJ-PA","36","New York","005","Bronx","40.816","-73.902"
"01/27/2021","AQS","360050110","1","32.4","ppb","30","IS 52","24","100.0000","42602","Nitrogen dioxide (NO2)","35620","New York-Newark-Jersey City, NY-NJ-PA","36","New York","005","Bronx","40.816","-73.902"
"01/28/2021","AQS","360050110","1","21.8","ppb","20","IS 52","24","100.0000","42602","Nitrogen dioxide (NO2)","35620","New York-Newark-Jersey City, NY-NJ-PA","36","New York","005","Bronx","40.816","-73.902"
"01/29/2021","AQS","360050110","1","14.2","ppb","13","IS 52","24","100.0000","42602","Nitrogen dioxide (NO2)","35620","New York-Newark-Jersey City, NY-NJ-PA","36","New York","005","Bronx","40.816","-73.902"
"01/30/2021","AQS","360050110","1","21.5","ppb","20","IS 52","24","100.0000","42602","Nitrogen dioxide (NO2)","35620","New York-Newark-Jersey City, NY-NJ-PA","36","New York","005","Bronx","40.816","-73.902"
"01/31/2021","AQS","360050110","1","26.5","ppb","25","IS 52","24","100.0000","42602","Nitrogen dioxide (NO2)","35620","New York-Newark-Jersey City, NY-NJ-PA","36","New York","005","Bronx","40.816","-73.902"
"02/01/2021","AQS","360050110","1","23","ppb","22","IS 52","24","100.0000","42602","Nitrogen dioxide (NO2)","35620","New York-Newark-Jersey City, NY-NJ-PA","36","New York","005","Bronx","40.816","-73.902"
"02/02/2021","AQS","360050110","1","18.5","ppb","17","IS 52","24","100.0000","42602","Nitrogen dioxide (NO2)","35620","New York-Newark-Jersey City, NY-NJ-PA","36","New York","005","Bronx","40.816","-73.902"
"02/03/2021","AQS","360050110","1","20.8","ppb","19","IS 52","24","100.0000","42602","Nitrogen dioxide (NO2)","35620","New York-Newark-Jersey City, NY-NJ-PA","36","New York","005","Bronx","40.816","-73.902"
"02/04/2021","AQS","360050110","1","50.7","ppb","47","IS 52","22","92.0000","42602","Nitrogen dioxide (NO2)","35620","New York-Newark-Jersey City, NY-NJ-PA","36","New York","005","Bronx","40.816","-73.902"
"02/05/2021","AQS","360050110","1","54.1","ppb","51","IS 52","24","100.0000","42602","Nitrogen dioxide (NO2)","35620","New York-Newark-Jersey City, NY-NJ-PA","36","New York","005","Bronx","40.816","-73.902"
"02/06/2021","AQS","360050110","1","35.8","ppb","33","IS 52","24","100.0000","42602","Nitrogen dioxide (NO2)","35620","New York-Newark-Jersey City, NY-NJ-PA","36","New York","005","Bronx","40.816","-73.902"
"02/07/2021","AQS","360050110","1","45","ppb","42","IS 52","24","100.0000","42602","Nitrogen dioxide (NO2)","35620","New York-Newark-Jersey City, NY-NJ-PA","36","New York","005","Bronx","40.816","-73.902"
"02/08/2021","AQS","360050110","1","46.7","ppb","43","IS 52","24","100.0000","42602","Nitrogen dioxide (NO2)","35620","New York-Newark-Jersey City, NY-NJ-PA","36","New York","005","Bronx","40.816","-73.902"
"02/09/2021","AQS","360050110","1","50.6","ppb","47","IS 52","20","83.0000","42602","Nitrogen dioxide (NO2)","35620","New York-Newark-Jersey City, NY-NJ-PA","36","New York","005","Bronx","40.816","-73.902"
"02/10/2021","AQS","360050110","1","40.8","ppb","38","IS 52","24","100.0000","42602","Nitrogen dioxide (NO2)","35620","New York-Newark-Jersey City, NY-NJ-PA","36","New York","005","Bronx","40.816","-73.902"
"02/11/2021","AQS","360050110","1","25.4","ppb","24","IS 52","24","100.0000","42602","Nitrogen dioxide (NO2)","35620","New York-Newark-Jersey City, NY-NJ-PA","36","New York","005","Bronx","40.816","-73.902"
"02/12/2021","AQS","360050110","1","36","ppb","34","IS 52","24","100.0000","42602","Nitrogen dioxide (NO2)","35620","New York-Newark-Jersey City, NY-NJ-PA","36","New York","005","Bronx","40.816","-73.902"
"02/13/2021","AQS","360050110","1","36.5","ppb","34","IS 52","24","100.0000","42602","Nitrogen dioxide (NO2)","35620","New York-Newark-Jersey City, NY-NJ-PA","36","New York","005","Bronx","40.816","-73.902"
"02/14/2021","AQS","360050110","1","28.4","ppb","26","IS 52","24","100.0000","42602","Nitrogen dioxide (NO2)","35620","New York-Newark-Jersey City, NY-NJ-PA","36","New York","005","Bronx","40.816","-73.902"
"02/15/2021","AQS","360050110","1","34","ppb","32","IS 52","24","100.0000","42602","Nitrogen dioxide (NO2)","35620","New York-Newark-Jersey City, NY-NJ-PA","36","New York","005","Bronx","40.816","-73.902"
"02/16/2021","AQS","360050110","1","42.8","ppb","40","IS 52","24","100.0000","42602","Nitrogen dioxide (NO2)","35620","New York-Newark-Jersey City, NY-NJ-PA","36","New York","005","Bronx","40.816","-73.902"
"02/17/2021","AQS","360050110","1","44.8","ppb","42","IS 52","24","100.0000","42602","Nitrogen dioxide (NO2)","35620","New York-Newark-Jersey City, NY-NJ-PA","36","New York","005","Bronx","40.816","-73.902"
"02/18/2021","AQS","360050110","1","24.8","ppb","23","IS 52","24","100.0000","42602","Nitrogen dioxide (NO2)","35620","New York-Newark-Jersey City, NY-NJ-PA","36","New York","005","Bronx","40.816","-73.902"
"02/19/2021","AQS","360050110","1","28.3","ppb","26","IS 52","24","100.0000","42602","Nitrogen dioxide (NO2)","35620","New York-Newark-Jersey City, NY-NJ-PA","36","New York","005","Bronx","40.816","-73.902"
"02/20/2021","AQS","360050110","1","24.9","ppb","23","IS 52","24","100.0000","42602","Nitrogen dioxide (NO2)","35620","New York-Newark-Jersey City, NY-NJ-PA","36","New York","005","Bronx","40.816","-73.902"
"02/21/2021","AQS","360050110","1","43.7","ppb","41","IS 52","24","100.0000","42602","Nitrogen dioxide (NO2)","35620","New York-Newark-Jersey City, NY-NJ-PA","36","New York","005","Bronx","40.816","-73.902"
"02/22/2021","AQS","360050110","1","52.2","ppb","49","IS 52","24","100.0000","42602","Nitrogen dioxide (NO2)","35620","New York-Newark-Jersey City, NY-NJ-PA","36","New York","005","Bronx","40.816","-73.902"
"02/23/2021","AQS","360050110","1","38.2","ppb","36","IS 52","20","83.0000","42602","Nitrogen dioxide (NO2)","35620","New York-Newark-Jersey City, NY-NJ-PA","36","New York","005","Bronx","40.816","-73.902"
"02/24/2021","AQS","360050110","1","40.8","ppb","38","IS 52","24","100.0000","42602","Nitrogen dioxide (NO2)","35620","New York-Newark-Jersey City, NY-NJ-PA","36","New York","005","Bronx","40.816","-73.902"
"02/25/2021","AQS","360050110","1","29.9","ppb","27","IS 52","24","100.0000","42602","Nitrogen dioxide (NO2)","35620","New York-Newark-Jersey City, NY-NJ-PA","36","New York","005","Bronx","40.816","-73.902"
"02/26/2021","AQS","360050110","1","30.3","ppb","28","IS 52","24","100.0000","42602","Nitrogen dioxide (NO2)","35620","New York-Newark-Jersey City, NY-NJ-PA","36","New York","005","Bronx","40.816","-73.902"
"02/27/2021","AQS","360050110","1","35","ppb","33","IS 52","24","100.0000","42602","Nitrogen dioxide (NO2)","35620","New York-Newark-Jersey City, NY-NJ-PA","36","New York","005","Bronx","40.816","-73.902"
"02/28/2021","AQS","360050110","1","31.4","ppb","29","IS 52","24","100.0000","42602","Nitrogen dioxide (NO2)","35620","New York-Newark-Jersey City, NY-NJ-PA","36","New York","005","Bronx","40.816","-73.902"
"03/01/2021","AQS","360050110","1","45.1","ppb","42","IS 52","23","96.0000","42602","Nitrogen dioxide (NO2)","35620","New York-Newark-Jersey City, NY-NJ-PA","36","New York","005","Bronx","40.816","-73.902"
"03/02/2021","AQS","360050110","1","32.6","ppb","30","IS 52","24","100.0000","42602","Nitrogen dioxide (NO2)","35620","New York-Newark-Jersey City, NY-NJ-PA","36","New York","005","Bronx","40.816","-73.902"
"03/03/2021","AQS","360050110","1","38.6","ppb","36","IS 52","24","100.0000","42602","Nitrogen dioxide (NO2)","35620","New York-Newark-Jersey City, NY-NJ-PA","36","New York","005","Bronx","40.816","-73.902"
"03/04/2021","AQS","360050110","1","28.9","ppb","26","IS 52","24","100.0000","42602","Nitrogen dioxide (NO2)","35620","New York-Newark-Jersey City, NY-NJ-PA","36","New York","005","Bronx","40.816","-73.902"
"03/05/2021","AQS","360050110","1","18.4","ppb","17","IS 52","21","88.0000","42602","Nitrogen dioxide (NO2)","35620","New York-Newark-Jersey City, NY-NJ-PA","36","New York","005","Bronx","40.816","-73.902"
"03/06/2021","AQS","360050110","1","18.2","ppb","17","IS 52","24","100.0000","42602","Nitrogen dioxide (NO2)","35620","New York-Newark-Jersey City, NY-NJ-PA","36","New York","005","Bronx","40.816","-73.902"
"03/07/2021","AQS","360050110","1","17.2","ppb","16","IS 52","24","100.0000","42602","Nitrogen dioxide (NO2)","35620","New York-Newark-Jersey City, NY-NJ-PA","36","New York","005","Bronx","40.816","-73.902"
"03/08/2021","AQS","360050110","1","42.9","ppb","40","IS 52","18","75.0000","42602","Nitrogen dioxide (NO2)","35620","New York-Newark-Jersey City, NY-NJ-PA","36","New York","005","Bronx","40.816","-73.902"
"03/09/2021","AQS","360050110","1","40.6","ppb","38","IS 52","24","100.0000","42602","Nitrogen dioxide (NO2)","35620","New York-Newark-Jersey City, NY-NJ-PA","36","New York","005","Bronx","40.816","-73.902"
"03/10/2021","AQS","360050110","1","42.5","ppb","40","IS 52","22","92.0000","42602","Nitrogen dioxide (NO2)","35620","New York-Newark-Jersey City, NY-NJ-PA","36","New York","005","Bronx","40.816","-73.902"
"03/11/2021","AQS","360050110","1","59.8","ppb","56","IS 52","24","100.0000","42602","Nitrogen dioxide (NO2)","35620","New York-Newark-Jersey City, NY-NJ-PA","36","New York","005","Bronx","40.816","-73.902"
"03/12/2021","AQS","360050110","1","21.3","ppb","20","IS 52","23","96.0000","42602","Nitrogen dioxide (NO2)","35620","New York-Newark-Jersey City, NY-NJ-PA","36","New York","005","Bronx","40.816","-73.902"
"03/13/2021","AQS","360050110","1","22.1","ppb","21","IS 52","24","100.0000","42602","Nitrogen dioxide (NO2)","35620","New York-Newark-Jersey City, NY-NJ-PA","36","New York","005","Bronx","40.816","-73.902"
"03/14/2021","AQS","360050110","1","20.2","ppb","19","IS 52","24","100.0000","42602","Nitrogen dioxide (NO2)","35620","New York-Newark-Jersey City, NY-NJ-PA","36","New York","005","Bronx","40.816","-73.902"
"03/15/2021","AQS","360050110","1","19.5","ppb","18","IS 52","19","79.0000","42602","Nitrogen dioxide (NO2)","35620","New York-Newark-Jersey City, NY-NJ-PA","36","New York","005","Bronx","40.816","-73.902"
"03/16/2021","AQS","360050110","1","30.2","ppb","28","IS 52","24","100.0000","42602","Nitrogen dioxide (NO2)","35620","New York-Newark-Jersey City, NY-NJ-PA","36","New York","005","Bronx","40.816","-73.902"
"03/17/2021","AQS","360050110","1","33.3","ppb","31","IS 52","24","100.0000","42602","Nitrogen dioxide (NO2)","35620","New York-Newark-Jersey City, NY-NJ-PA","36","New York","005","Bronx","40.816","-73.902"
"03/18/2021","AQS","360050110","1","44.4","ppb","42","IS 52","24","100.0000","42602","Nitrogen dioxide (NO2)","35620","New York-Newark-Jersey City, NY-NJ-PA","36","New York","005","Bronx","40.816","-73.902"
"03/19/2021","AQS","360050110","1","22.3","ppb","21","IS 52","22","92.0000","42602","Nitrogen dioxide (NO2)","35620","New York-Newark-Jersey City, NY-NJ-PA","36","New York","005","Bronx","40.816","-73.902"
"03/20/2021","AQS","360050110","1","49.6","ppb","46","IS 52","24","100.0000","42602","Nitrogen dioxide (NO2)","35620","New York-Newark-Jersey City, NY-NJ-PA","36","New York","005","Bronx","40.816","-73.902"
"03/21/2021","AQS","360050110","1","46.8","ppb","43","IS 52","24","100.0000","42602","Nitrogen dioxide (NO2)","35620","New York-Newark-Jersey City, NY-NJ-PA","36","New York","005","Bronx","40.816","-73.902"
"03/22/2021","AQS","360050110","1","50.8","ppb","47","IS 52","21","88.0000","42602","Nitrogen dioxide (NO2)","35620","New York-Newark-Jersey City, NY-NJ-PA","36","New York","005","Bronx","40.816","-73.902"
"03/23/2021","AQS","360050110","1","36.2","ppb","34","IS 52","24","100.0000","42602","Nitrogen dioxide (NO2)","35620","New York-Newark-Jersey City, NY-NJ-PA","36","New York","005","Bronx","40.816","-73.902"
"03/24/2021","AQS","360050110","1","37.1","ppb","35","IS 52","24","100.0000","42602","Nitrogen dioxide (NO2)","35620","New York-Newark-Jersey City, NY-NJ-PA","36","New York","005","Bronx","40.816","-73.902"
"03/25/2021","AQS","360050110","1","36.9","ppb","34","IS 52","24","100.0000","42602","Nitrogen dioxide (NO2)","35620","New York-Newark-Jersey City, NY-NJ-PA","36","New York","005","Bronx","40.816","-73.902"
"03/26/2021","AQS","360050110","1","33.8","ppb","31","IS 52","24","100.0000","42602","Nitrogen dioxide (NO2)","35620","New York-Newark-Jersey City, NY-NJ-PA","36","New York","005","Bronx","40.816","-73.902"
"03/27/2021","AQS","360050110","1","23.2","ppb","22","IS 52","24","100.0000","42602","Nitrogen dioxide (NO2)","35620","New York-Newark-Jersey City, NY-NJ-PA","36","New York","005","Bronx","40.816","-73.902"
"03/28/2021","AQS","360050110","1","28.9","ppb","26","IS 52","24","100.0000","42602","Nitrogen dioxide (NO2)","35620","New York-Newark-Jersey City, NY-NJ-PA","36","New York","005","Bronx","40.816","-73.902"
"03/29/2021","AQS","360050110","1","18.1","ppb","17","IS 52","24","100.0000","42602","Nitrogen dioxide (NO2)","35620","New York-Newark-Jersey City, NY-NJ-PA","36","New York","005","Bronx","40.816","-73.902"
"03/30/2021","AQS","360050110","1","40.5","ppb","38","IS 52","18","75.0000","42602","Nitrogen dioxide (NO2)","35620","New York-Newark-Jersey City, NY-NJ-PA","36","New York","005","Bronx","40.816","-73.902"
"03/31/2021","AQS","360050110","1","34.3","ppb","32","IS 52","23","96.0000","42602","Nitrogen dioxide (NO2)","35620","New York-Newark-Jersey City, NY-NJ-PA","36","New York","005","Bronx","40.816","-73.902"
"01/01/2021","AQS","360050133","1","25.1","ppb","24","PFIZER LAB SITE","24","100.0000","42602","Nitrogen dioxide (NO2)","35620","New York-Newark-Jersey City, NY-NJ-PA","36","New York","005","Bronx","40.8679","-73.87809"
"01/02/2021","AQS","360050133","1","21.9","ppb","20","PFIZER LAB SITE","24","100.0000","42602","Nitrogen dioxide (NO2)","35620","New York-Newark-Jersey City, NY-NJ-PA","36","New York","005","Bronx","40.8679","-73.87809"
"01/03/2021","AQS","360050133","1","15","ppb","14","PFIZER LAB SITE","24","100.0000","42602","Nitrogen dioxide (NO2)","35620","New York-Newark-Jersey City, NY-NJ-PA","36","New York","005","Bronx","40.8679","-73.87809"
"01/04/2021","AQS","360050133","1","17.4","ppb","16","PFIZER LAB SITE","24","100.0000","42602","Nitrogen dioxide (NO2)","35620","New York-Newark-Jersey City, NY-NJ-PA","36","New York","005","Bronx","40.8679","-73.87809"
"01/05/2021","AQS","360050133","1","21.4","ppb","20","PFIZER LAB SITE","21","88.0000","42602","Nitrogen dioxide (NO2)","35620","New York-Newark-Jersey City, NY-NJ-PA","36","New York","005","Bronx","40.8679","-73.87809"
"01/06/2021","AQS","360050133","1","20.1","ppb","19","PFIZER LAB SITE","24","100.0000","42602","Nitrogen dioxide (NO2)","35620","New York-Newark-Jersey City, NY-NJ-PA","36","New York","005","Bronx","40.8679","-73.87809"
"01/07/2021","AQS","360050133","1","16.1","ppb","15","PFIZER LAB SITE","24","100.0000","42602","Nitrogen dioxide (NO2)","35620","New York-Newark-Jersey City, NY-NJ-PA","36","New York","005","Bronx","40.8679","-73.87809"
"01/08/2021","AQS","360050133","1","19.3","ppb","18","PFIZER LAB SITE","24","100.0000","42602","Nitrogen dioxide (NO2)","35620","New York-Newark-Jersey City, NY-NJ-PA","36","New York","005","Bronx","40.8679","-73.87809"
"01/09/2021","AQS","360050133","1","15","ppb","14","PFIZER LAB SITE","24","100.0000","42602","Nitrogen dioxide (NO2)","35620","New York-Newark-Jersey City, NY-NJ-PA","36","New York","005","Bronx","40.8679","-73.87809"
"01/10/2021","AQS","360050133","1","31.4","ppb","29","PFIZER LAB SITE","24","100.0000","42602","Nitrogen dioxide (NO2)","35620","New York-Newark-Jersey City, NY-NJ-PA","36","New York","005","Bronx","40.8679","-73.87809"
"01/11/2021","AQS","360050133","1","40.3","ppb","38","PFIZER LAB SITE","24","100.0000","42602","Nitrogen dioxide (NO2)","35620","New York-Newark-Jersey City, NY-NJ-PA","36","New York","005","Bronx","40.8679","-73.87809"
"01/12/2021","AQS","360050133","1","41.3","ppb","39","PFIZER LAB SITE","21","88.0000","42602","Nitrogen dioxide (NO2)","35620","New York-Newark-Jersey City, NY-NJ-PA","36","New York","005","Bronx","40.8679","-73.87809"
"01/13/2021","AQS","360050133","1","33.2","ppb","31","PFIZER LAB SITE","24","100.0000","42602","Nitrogen dioxide (NO2)","35620","New York-Newark-Jersey City, NY-NJ-PA","36","New York","005","Bronx","40.8679","-73.87809"
"01/14/2021","AQS","360050133","1","43.9","ppb","41","PFIZER LAB SITE","24","100.0000","42602","Nitrogen dioxide (NO2)","35620","New York-Newark-Jersey City, NY-NJ-PA","36","New York","005","Bronx","40.8679","-73.87809"
"01/15/2021","AQS","360050133","1","25.2","ppb","24","PFIZER LAB SITE","24","100.0000","42602","Nitrogen dioxide (NO2)","35620","New York-Newark-Jersey City, NY-NJ-PA","36","New York","005","Bronx","40.8679","-73.87809"
"01/16/2021","AQS","360050133","1","17.8","ppb","16","PFIZER LAB SITE","24","100.0000","42602","Nitrogen dioxide (NO2)","35620","New York-Newark-Jersey City, NY-NJ-PA","36","New York","005","Bronx","40.8679","-73.87809"
"01/17/2021","AQS","360050133","1","16.1","ppb","15","PFIZER LAB SITE","24","100.0000","42602","Nitrogen dioxide (NO2)","35620","New York-Newark-Jersey City, NY-NJ-PA","36","New York","005","Bronx","40.8679","-73.87809"
"01/18/2021","AQS","360050133","1","23.7","ppb","22","PFIZER LAB SITE","24","100.0000","42602","Nitrogen dioxide (NO2)","35620","New York-Newark-Jersey City, NY-NJ-PA","36","New York","005","Bronx","40.8679","-73.87809"
"01/19/2021","AQS","360050133","1","25.6","ppb","24","PFIZER LAB SITE","24","100.0000","42602","Nitrogen dioxide (NO2)","35620","New York-Newark-Jersey City, NY-NJ-PA","36","New York","005","Bronx","40.8679","-73.87809"
"01/20/2021","AQS","360050133","1","34.2","ppb","32","PFIZER LAB SITE","22","92.0000","42602","Nitrogen dioxide (NO2)","35620","New York-Newark-Jersey City, NY-NJ-PA","36","New York","005","Bronx","40.8679","-73.87809"
"01/21/2021","AQS","360050133","1","42.1","ppb","40","PFIZER LAB SITE","24","100.0000","42602","Nitrogen dioxide (NO2)","35620","New York-Newark-Jersey City, NY-NJ-PA","36","New York","005","Bronx","40.8679","-73.87809"
"01/22/2021","AQS","360050133","1","35.5","ppb","33","PFIZER LAB SITE","24","100.0000","42602","Nitrogen dioxide (NO2)","35620","New York-Newark-Jersey City, NY-NJ-PA","36","New York","005","Bronx","40.8679","-73.87809"
"01/23/2021","AQS","360050133","1","9","ppb","8","PFIZER LAB SITE","24","100.0000","42602","Nitrogen dioxide (NO2)","35620","New York-Newark-Jersey City, NY-NJ-PA","36","New York","005","Bronx","40.8679","-73.87809"
"01/24/2021","AQS","360050133","1","12.4","ppb","11","PFIZER LAB SITE","24","100.0000","42602","Nitrogen dioxide (NO2)","35620","New York-Newark-Jersey City, NY-NJ-PA","36","New York","005","Bronx","40.8679","-73.87809"
"01/25/2021","AQS","360050133","1","20.4","ppb","19","PFIZER LAB SITE","24","100.0000","42602","Nitrogen dioxide (NO2)","35620","New York-Newark-Jersey City, NY-NJ-PA","36","New York","005","Bronx","40.8679","-73.87809"
"01/26/2021","AQS","360050133","1","18","ppb","17","PFIZER LAB SITE","22","92.0000","42602","Nitrogen dioxide (NO2)","35620","New York-Newark-Jersey City, NY-NJ-PA","36","New York","005","Bronx","40.8679","-73.87809"
"01/27/2021","AQS","360050133","1","24.6","ppb","23","PFIZER LAB SITE","24","100.0000","42602","Nitrogen dioxide (NO2)","35620","New York-Newark-Jersey City, NY-NJ-PA","36","New York","005","Bronx","40.8679","-73.87809"
"01/28/2021","AQS","360050133","1","15","ppb","14","PFIZER LAB SITE","24","100.0000","42602","Nitrogen dioxide (NO2)","35620","New York-Newark-Jersey City, NY-NJ-PA","36","New York","005","Bronx","40.8679","-73.87809"
"01/29/2021","AQS","360050133","1","9.6","ppb","8","PFIZER LAB SITE","24","100.0000","42602","Nitrogen dioxide (NO2)","35620","New York-Newark-Jersey City, NY-NJ-PA","36","New York","005","Bronx","40.8679","-73.87809"
"01/30/2021","AQS","360050133","1","17.9","ppb","16","PFIZER LAB SITE","24","100.0000","42602","Nitrogen dioxide (NO2)","35620","New York-Newark-Jersey City, NY-NJ-PA","36","New York","005","Bronx","40.8679","-73.87809"
"01/31/2021","AQS","360050133","1","19.1","ppb","18","PFIZER LAB SITE","24","100.0000","42602","Nitrogen dioxide (NO2)","35620","New York-Newark-Jersey City, NY-NJ-PA","36","New York","005","Bronx","40.8679","-73.87809"
"02/01/2021","AQS","360050133","1","13.3","ppb","12","PFIZER LAB SITE","24","100.0000","42602","Nitrogen dioxide (NO2)","35620","New York-Newark-Jersey City, NY-NJ-PA","36","New York","005","Bronx","40.8679","-73.87809"
"02/02/2021","AQS","360050133","1","13.2","ppb","12","PFIZER LAB SITE","21","88.0000","42602","Nitrogen dioxide (NO2)","35620","New York-Newark-Jersey City, NY-NJ-PA","36","New York","005","Bronx","40.8679","-73.87809"
"02/03/2021","AQS","360050133","1","18.3","ppb","17","PFIZER LAB SITE","24","100.0000","42602","Nitrogen dioxide (NO2)","35620","New York-Newark-Jersey City, NY-NJ-PA","36","New York","005","Bronx","40.8679","-73.87809"
"02/04/2021","AQS","360050133","1","49.4","ppb","46","PFIZER LAB SITE","24","100.0000","42602","Nitrogen dioxide (NO2)","35620","New York-Newark-Jersey City, NY-NJ-PA","36","New York","005","Bronx","40.8679","-73.87809"
"02/05/2021","AQS","360050133","1","53.4","ppb","50","PFIZER LAB SITE","24","100.0000","42602","Nitrogen dioxide (NO2)","35620","New York-Newark-Jersey City, NY-NJ-PA","36","New York","005","Bronx","40.8679","-73.87809"
"02/06/2021","AQS","360050133","1","34.7","ppb","32","PFIZER LAB SITE","24","100.0000","42602","Nitrogen dioxide (NO2)","35620","New York-Newark-Jersey City, NY-NJ-PA","36","New York","005","Bronx","40.8679","-73.87809"
"02/07/2021","AQS","360050133","1","44.8","ppb","42","PFIZER LAB SITE","24","100.0000","42602","Nitrogen dioxide (NO2)","35620","New York-Newark-Jersey City, NY-NJ-PA","36","New York","005","Bronx","40.8679","-73.87809"
"02/08/2021","AQS","360050133","1","45.4","ppb","42","PFIZER LAB SITE","24","100.0000","42602","Nitrogen dioxide (NO2)","35620","New York-Newark-Jersey City, NY-NJ-PA","36","New York","005","Bronx","40.8679","-73.87809"
"02/09/2021","AQS","360050133","1","44.8","ppb","42","PFIZER LAB SITE","21","88.0000","42602","Nitrogen dioxide (NO2)","35620","New York-Newark-Jersey City, NY-NJ-PA","36","New York","005","Bronx","40.8679","-73.87809"
"02/10/2021","AQS","360050133","1","28.8","ppb","26","PFIZER LAB SITE","24","100.0000","42602","Nitrogen dioxide (NO2)","35620","New York-Newark-Jersey City, NY-NJ-PA","36","New York","005","Bronx","40.8679","-73.87809"
"02/11/2021","AQS","360050133","1","14.4","ppb","13","PFIZER LAB SITE","24","100.0000","42602","Nitrogen dioxide (NO2)","35620","New York-Newark-Jersey City, NY-NJ-PA","36","New York","005","Bronx","40.8679","-73.87809"
"02/12/2021","AQS","360050133","1","21.4","ppb","20","PFIZER LAB SITE","24","100.0000","42602","Nitrogen dioxide (NO2)","35620","New York-Newark-Jersey City, NY-NJ-PA","36","New York","005","Bronx","40.8679","-73.87809"
"02/13/2021","AQS","360050133","1","25.6","ppb","24","PFIZER LAB SITE","24","100.0000","42602","Nitrogen dioxide (NO2)","35620","New York-Newark-Jersey City, NY-NJ-PA","36","New York","005","Bronx","40.8679","-73.87809"
"02/14/2021","AQS","360050133","1","18.6","ppb","17","PFIZER LAB SITE","24","100.0000","42602","Nitrogen dioxide (NO2)","35620","New York-Newark-Jersey City, NY-NJ-PA","36","New York","005","Bronx","40.8679","-73.87809"
"02/15/2021","AQS","360050133","1","25.5","ppb","24","PFIZER LAB SITE","24","100.0000","42602","Nitrogen dioxide (NO2)","35620","New York-Newark-Jersey City, NY-NJ-PA","36","New York","005","Bronx","40.8679","-73.87809"
"02/16/2021","AQS","360050133","1","36.4","ppb","34","PFIZER LAB SITE","24","100.0000","42602","Nitrogen dioxide (NO2)","35620","New York-Newark-Jersey City, NY-NJ-PA","36","New York","005","Bronx","40.8679","-73.87809"
"02/17/2021","AQS","360050133","1","22","ppb","21","PFIZER LAB SITE","19","79.0000","42602","Nitrogen dioxide (NO2)","35620","New York-Newark-Jersey City, NY-NJ-PA","36","New York","005","Bronx","40.8679","-73.87809"
"02/18/2021","AQS","360050133","1","19","ppb","18","PFIZER LAB SITE","24","100.0000","42602","Nitrogen dioxide (NO2)","35620","New York-Newark-Jersey City, NY-NJ-PA","36","New York","005","Bronx","40.8679","-73.87809"
"02/19/2021","AQS","360050133","1","21.1","ppb","20","PFIZER LAB SITE","24","100.0000","42602","Nitrogen dioxide (NO2)","35620","New York-Newark-Jersey City, NY-NJ-PA","36","New York","005","Bronx","40.8679","-73.87809"
"02/20/2021","AQS","360050133","1","17.6","ppb","16","PFIZER LAB SITE","24","100.0000","42602","Nitrogen dioxide (NO2)","35620","New York-Newark-Jersey City, NY-NJ-PA","36","New York","005","Bronx","40.8679","-73.87809"
"02/21/2021","AQS","360050133","1","45.6","ppb","42","PFIZER LAB SITE","24","100.0000","42602","Nitrogen dioxide (NO2)","35620","New York-Newark-Jersey City, NY-NJ-PA","36","New York","005","Bronx","40.8679","-73.87809"
"02/22/2021","AQS","360050133","1","49.8","ppb","46","PFIZER LAB SITE","24","100.0000","42602","Nitrogen dioxide (NO2)","35620","New York-Newark-Jersey City, NY-NJ-PA","36","New York","005","Bronx","40.8679","-73.87809"
"02/23/2021","AQS","360050133","1","34.5","ppb","32","PFIZER LAB SITE","21","88.0000","42602","Nitrogen dioxide (NO2)","35620","New York-Newark-Jersey City, NY-NJ-PA","36","New York","005","Bronx","40.8679","-73.87809"
"02/24/2021","AQS","360050133","1","37.2","ppb","35","PFIZER LAB SITE","24","100.0000","42602","Nitrogen dioxide (NO2)","35620","New York-Newark-Jersey City, NY-NJ-PA","36","New York","005","Bronx","40.8679","-73.87809"
"02/25/2021","AQS","360050133","1","25.9","ppb","24","PFIZER LAB SITE","24","100.0000","42602","Nitrogen dioxide (NO2)","35620","New York-Newark-Jersey City, NY-NJ-PA","36","New York","005","Bronx","40.8679","-73.87809"
"02/26/2021","AQS","360050133","1","24.3","ppb","23","PFIZER LAB SITE","24","100.0000","42602","Nitrogen dioxide (NO2)","35620","New York-Newark-Jersey City, NY-NJ-PA","36","New York","005","Bronx","40.8679","-73.87809"
"02/27/2021","AQS","360050133","1","34.2","ppb","32","PFIZER LAB SITE","24","100.0000","42602","Nitrogen dioxide (NO2)","35620","New York-Newark-Jersey City, NY-NJ-PA","36","New York","005","Bronx","40.8679","-73.87809"
"02/28/2021","AQS","360050133","1","33","ppb","31","PFIZER LAB SITE","24","100.0000","42602","Nitrogen dioxide (NO2)","35620","New York-Newark-Jersey City, NY-NJ-PA","36","New York","005","Bronx","40.8679","-73.87809"
"03/01/2021","AQS","360050133","1","44.2","ppb","42","PFIZER LAB SITE","24","100.0000","42602","Nitrogen dioxide (NO2)","35620","New York-Newark-Jersey City, NY-NJ-PA","36","New York","005","Bronx","40.8679","-73.87809"
"03/02/2021","AQS","360050133","1","33.4","ppb","31","PFIZER LAB SITE","21","88.0000","42602","Nitrogen dioxide (NO2)","35620","New York-Newark-Jersey City, NY-NJ-PA","36","New York","005","Bronx","40.8679","-73.87809"
"03/03/2021","AQS","360050133","1","39.1","ppb","37","PFIZER LAB SITE","24","100.0000","42602","Nitrogen dioxide (NO2)","35620","New York-Newark-Jersey City, NY-NJ-PA","36","New York","005","Bronx","40.8679","-73.87809"
"03/04/2021","AQS","360050133","1","25.4","ppb","24","PFIZER LAB SITE","24","100.0000","42602","Nitrogen dioxide (NO2)","35620","New York-Newark-Jersey City, NY-NJ-PA","36","New York","005","Bronx","40.8679","-73.87809"
"03/05/2021","AQS","360050133","1","15.2","ppb","14","PFIZER LAB SITE","24","100.0000","42602","Nitrogen dioxide (NO2)","35620","New York-Newark-Jersey City, NY-NJ-PA","36","New York","005","Bronx","40.8679","-73.87809"
"03/06/2021","AQS","360050133","1","16.2","ppb","15","PFIZER LAB SITE","24","100.0000","42602","Nitrogen dioxide (NO2)","35620","New York-Newark-Jersey City, NY-NJ-PA","36","New York","005","Bronx","40.8679","-73.87809"
"03/07/2021","AQS","360050133","1","14.5","ppb","13","PFIZER LAB SITE","24","100.0000","42602","Nitrogen dioxide (NO2)","35620","New York-Newark-Jersey City, NY-NJ-PA","36","New York","005","Bronx","40.8679","-73.87809"
"03/08/2021","AQS","360050133","1","37.9","ppb","35","PFIZER LAB SITE","24","100.0000","42602","Nitrogen dioxide (NO2)","35620","New York-Newark-Jersey City, NY-NJ-PA","36","New York","005","Bronx","40.8679","-73.87809"
"03/09/2021","AQS","360050133","1","40.6","ppb","38","PFIZER LAB SITE","22","92.0000","42602","Nitrogen dioxide (NO2)","35620","New York-Newark-Jersey City, NY-NJ-PA","36","New York","005","Bronx","40.8679","-73.87809"
"03/10/2021","AQS","360050133","1","40.8","ppb","38","PFIZER LAB SITE","24","100.0000","42602","Nitrogen dioxide (NO2)","35620","New York-Newark-Jersey City, NY-NJ-PA","36","New York","005","Bronx","40.8679","-73.87809"
"03/11/2021","AQS","360050133","1","53.6","ppb","50","PFIZER LAB SITE","24","100.0000","42602","Nitrogen dioxide (NO2)","35620","New York-Newark-Jersey City, NY-NJ-PA","36","New York","005","Bronx","40.8679","-73.87809"
"03/12/2021","AQS","360050133","1","18.3","ppb","17","PFIZER LAB SITE","24","100.0000","42602","Nitrogen dioxide (NO2)","35620","New York-Newark-Jersey City, NY-NJ-PA","36","New York","005","Bronx","40.8679","-73.87809"
"03/13/2021","AQS","360050133","1","22.6","ppb","21","PFIZER LAB SITE","24","100.0000","42602","Nitrogen dioxide (NO2)","35620","New York-Newark-Jersey City, NY-NJ-PA","36","New York","005","Bronx","40.8679","-73.87809"
"03/14/2021","AQS","360050133","1","17.4","ppb","16","PFIZER LAB SITE","24","100.0000","42602","Nitrogen dioxide (NO2)","35620","New York-Newark-Jersey City, NY-NJ-PA","36","New York","005","Bronx","40.8679","-73.87809"
"03/15/2021","AQS","360050133","1","15.3","ppb","14","PFIZER LAB SITE","22","92.0000","42602","Nitrogen dioxide (NO2)","35620","New York-Newark-Jersey City, NY-NJ-PA","36","New York","005","Bronx","40.8679","-73.87809"
"03/16/2021","AQS","360050133","1","22.5","ppb","21","PFIZER LAB SITE","24","100.0000","42602","Nitrogen dioxide (NO2)","35620","New York-Newark-Jersey City, NY-NJ-PA","36","New York","005","Bronx","40.8679","-73.87809"
"03/17/2021","AQS","360050133","1","36.2","ppb","34","PFIZER LAB SITE","24","100.0000","42602","Nitrogen dioxide (NO2)","35620","New York-Newark-Jersey City, NY-NJ-PA","36","New York","005","Bronx","40.8679","-73.87809"
"03/18/2021","AQS","360050133","1","44.9","ppb","42","PFIZER LAB SITE","24","100.0000","42602","Nitrogen dioxide (NO2)","35620","New York-Newark-Jersey City, NY-NJ-PA","36","New York","005","Bronx","40.8679","-73.87809"
"03/19/2021","AQS","360050133","1","20.9","ppb","19","PFIZER LAB SITE","24","100.0000","42602","Nitrogen dioxide (NO2)","35620","New York-Newark-Jersey City, NY-NJ-PA","36","New York","005","Bronx","40.8679","-73.87809"
"03/20/2021","AQS","360050133","1","48.9","ppb","45","PFIZER LAB SITE","24","100.0000","42602","Nitrogen dioxide (NO2)","35620","New York-Newark-Jersey City, NY-NJ-PA","36","New York","005","Bronx","40.8679","-73.87809"
"03/21/2021","AQS","360050133","1","47.1","ppb","44","PFIZER LAB SITE","24","100.0000","42602","Nitrogen dioxide (NO2)","35620","New York-Newark-Jersey City, NY-NJ-PA","36","New York","005","Bronx","40.8679","-73.87809"
"03/22/2021","AQS","360050133","1","45","ppb","42","PFIZER LAB SITE","24","100.0000","42602","Nitrogen dioxide (NO2)","35620","New York-Newark-Jersey City, NY-NJ-PA","36","New York","005","Bronx","40.8679","-73.87809"
"03/23/2021","AQS","360050133","1","22.6","ppb","21","PFIZER LAB SITE","22","92.0000","42602","Nitrogen dioxide (NO2)","35620","New York-Newark-Jersey City, NY-NJ-PA","36","New York","005","Bronx","40.8679","-73.87809"
"03/24/2021","AQS","360050133","1","22.2","ppb","21","PFIZER LAB SITE","24","100.0000","42602","Nitrogen dioxide (NO2)","35620","New York-Newark-Jersey City, NY-NJ-PA","36","New York","005","Bronx","40.8679","-73.87809"
"03/25/2021","AQS","360050133","1","36.3","ppb","34","PFIZER LAB SITE","24","100.0000","42602","Nitrogen dioxide (NO2)","35620","New York-Newark-Jersey City, NY-NJ-PA","36","New York","005","Bronx","40.8679","-73.87809"
"03/26/2021","AQS","360050133","1","30.2","ppb","28","PFIZER LAB SITE","24","100.0000","42602","Nitrogen dioxide (NO2)","35620","New York-Newark-Jersey City, NY-NJ-PA","36","New York","005","Bronx","40.8679","-73.87809"
"03/27/2021","AQS","360050133","1","19.5","ppb","18","PFIZER LAB SITE","24","100.0000","42602","Nitrogen dioxide (NO2)","35620","New York-Newark-Jersey City, NY-NJ-PA","36","New York","005","Bronx","40.8679","-73.87809"
"03/28/2021","AQS","360050133","1","25.1","ppb","24","PFIZER LAB SITE","24","100.0000","42602","Nitrogen dioxide (NO2)","35620","New York-Newark-Jersey City, NY-NJ-PA","36","New York","005","Bronx","40.8679","-73.87809"
"03/29/2021","AQS","360050133","1","12","ppb","11","PFIZER LAB SITE","22","92.0000","42602","Nitrogen dioxide (NO2)","35620","New York-Newark-Jersey City, NY-NJ-PA","36","New York","005","Bronx","40.8679","-73.87809"
"03/30/2021","AQS","360050133","1","40.8","ppb","38","PFIZER LAB SITE","24","100.0000","42602","Nitrogen dioxide (NO2)","35620","New York-Newark-Jersey City, NY-NJ-PA","36","New York","005","Bronx","40.8679","-73.87809"
"03/31/2021","AQS","360050133","1","29.7","ppb","27","PFIZER LAB SITE","24","100.0000","42602","Nitrogen dioxide (NO2)","35620","New York-Newark-Jersey City, NY-NJ-PA","36","New York","005","Bronx","40.8679","-73.87809"
"01/01/2021","AQS","360810124","1","25.5","ppb","24","QUEENS COLLEGE 2","24","100.0000","42602","Nitrogen dioxide (NO2)","35620","New York-Newark-Jersey City, NY-NJ-PA","36","New York","081","Queens","40.73614","-73.82153"
"01/02/2021","AQS","360810124","1","28.3","ppb","26","QUEENS COLLEGE 2","24","100.0000","42602","Nitrogen dioxide (NO2)","35620","New York-Newark-Jersey City, NY-NJ-PA","36","New York","081","Queens","40.73614","-73.82153"
"01/03/2021","AQS","360810124","1","17","ppb","16","QUEENS COLLEGE 2","24","100.0000","42602","Nitrogen dioxide (NO2)","35620","New York-Newark-Jersey City, NY-NJ-PA","36","New York","081","Queens","40.73614","-73.82153"
"01/04/2021","AQS","360810124","1","20.5","ppb","19","QUEENS COLLEGE 2","24","100.0000","42602","Nitrogen dioxide (NO2)","35620","New York-Newark-Jersey City, NY-NJ-PA","36","New York","081","Queens","40.73614","-73.82153"
"01/05/2021","AQS","360810124","1","21","ppb","20","QUEENS COLLEGE 2","24","100.0000","42602","Nitrogen dioxide (NO2)","35620","New York-Newark-Jersey City, NY-NJ-PA","36","New York","081","Queens","40.73614","-73.82153"
"01/06/2021","AQS","360810124","1","25.8","ppb","24","QUEENS COLLEGE 2","22","92.0000","42602","Nitrogen dioxide (NO2)","35620","New York-Newark-Jersey City, NY-NJ-PA","36","New York","081","Queens","40.73614","-73.82153"
"01/07/2021","AQS","360810124","1","18.9","ppb","17","QUEENS COLLEGE 2","24","100.0000","42602","Nitrogen dioxide (NO2)","35620","New York-Newark-Jersey City, NY-NJ-PA","36","New York","081","Queens","40.73614","-73.82153"
"01/08/2021","AQS","360810124","1","25.4","ppb","24","QUEENS COLLEGE 2","24","100.0000","42602","Nitrogen dioxide (NO2)","35620","New York-Newark-Jersey City, NY-NJ-PA","36","New York","081","Queens","40.73614","-73.82153"
"01/09/2021","AQS","360810124","1","16","ppb","15","QUEENS COLLEGE 2","24","100.0000","42602","Nitrogen dioxide (NO2)","35620","New York-Newark-Jersey City, NY-NJ-PA","36","New York","081","Queens","40.73614","-73.82153"
"01/10/2021","AQS","360810124","1","36.3","ppb","34","QUEENS COLLEGE 2","24","100.0000","42602","Nitrogen dioxide (NO2)","35620","New York-Newark-Jersey City, NY-NJ-PA","36","New York","081","Queens","40.73614","-73.82153"
"01/11/2021","AQS","360810124","1","42.8","ppb","40","QUEENS COLLEGE 2","24","100.0000","42602","Nitrogen dioxide (NO2)","35620","New York-Newark-Jersey City, NY-NJ-PA","36","New York","081","Queens","40.73614","-73.82153"
"01/12/2021","AQS","360810124","1","43.6","ppb","41","QUEENS COLLEGE 2","24","100.0000","42602","Nitrogen dioxide (NO2)","35620","New York-Newark-Jersey City, NY-NJ-PA","36","New York","081","Queens","40.73614","-73.82153"
"01/13/2021","AQS","360810124","1","39.8","ppb","37","QUEENS COLLEGE 2","19","79.0000","42602","Nitrogen dioxide (NO2)","35620","New York-Newark-Jersey City, NY-NJ-PA","36","New York","081","Queens","40.73614","-73.82153"
"01/14/2021","AQS","360810124","1","46.3","ppb","43","QUEENS COLLEGE 2","24","100.0000","42602","Nitrogen dioxide (NO2)","35620","New York-Newark-Jersey City, NY-NJ-PA","36","New York","081","Queens","40.73614","-73.82153"
"01/15/2021","AQS","360810124","1","33.7","ppb","31","QUEENS COLLEGE 2","24","100.0000","42602","Nitrogen dioxide (NO2)","35620","New York-Newark-Jersey City, NY-NJ-PA","36","New York","081","Queens","40.73614","-73.82153"
"01/16/2021","AQS","360810124","1","21.3","ppb","20","QUEENS COLLEGE 2","24","100.0000","42602","Nitrogen dioxide (NO2)","35620","New York-Newark-Jersey City, NY-NJ-PA","36","New York","081","Queens","40.73614","-73.82153"
"01/17/2021","AQS","360810124","1","14.1","ppb","13","QUEENS COLLEGE 2","24","100.0000","42602","Nitrogen dioxide (NO2)","35620","New York-Newark-Jersey City, NY-NJ-PA","36","New York","081","Queens","40.73614","-73.82153"
"01/18/2021","AQS","360810124","1","27.6","ppb","25","QUEENS COLLEGE 2","24","100.0000","42602","Nitrogen dioxide (NO2)","35620","New York-Newark-Jersey City, NY-NJ-PA","36","New York","081","Queens","40.73614","-73.82153"
"01/19/2021","AQS","360810124","1","36.4","ppb","34","QUEENS COLLEGE 2","24","100.0000","42602","Nitrogen dioxide (NO2)","35620","New York-Newark-Jersey City, NY-NJ-PA","36","New York","081","Queens","40.73614","-73.82153"
"01/20/2021","AQS","360810124","1","35.7","ppb","33","QUEENS COLLEGE 2","24","100.0000","42602","Nitrogen dioxide (NO2)","35620","New York-Newark-Jersey City, NY-NJ-PA","36","New York","081","Queens","40.73614","-73.82153"
"01/21/2021","AQS","360810124","1","42.1","ppb","40","QUEENS COLLEGE 2","24","100.0000","42602","Nitrogen dioxide (NO2)","35620","New York-Newark-Jersey City, NY-NJ-PA","36","New York","081","Queens","40.73614","-73.82153"
"01/22/2021","AQS","360810124","1","36.4","ppb","34","QUEENS COLLEGE 2","21","88.0000","42602","Nitrogen dioxide (NO2)","35620","New York-Newark-Jersey City, NY-NJ-PA","36","New York","081","Queens","40.73614","-73.82153"
"01/23/2021","AQS","360810124","1","8.3","ppb","8","QUEENS COLLEGE 2","24","100.0000","42602","Nitrogen dioxide (NO2)","35620","New York-Newark-Jersey City, NY-NJ-PA","36","New York","081","Queens","40.73614","-73.82153"
"01/24/2021","AQS","360810124","1","11.5","ppb","10","QUEENS COLLEGE 2","24","100.0000","42602","Nitrogen dioxide (NO2)","35620","New York-Newark-Jersey City, NY-NJ-PA","36","New York","081","Queens","40.73614","-73.82153"
"01/25/2021","AQS","360810124","1","35.9","ppb","33","QUEENS COLLEGE 2","24","100.0000","42602","Nitrogen dioxide (NO2)","35620","New York-Newark-Jersey City, NY-NJ-PA","36","New York","081","Queens","40.73614","-73.82153"
"01/26/2021","AQS","360810124","1","20.8","ppb","19","QUEENS COLLEGE 2","24","100.0000","42602","Nitrogen dioxide (NO2)","35620","New York-Newark-Jersey City, NY-NJ-PA","36","New York","081","Queens","40.73614","-73.82153"
"01/27/2021","AQS","360810124","1","32.9","ppb","30","QUEENS COLLEGE 2","19","79.0000","42602","Nitrogen dioxide (NO2)","35620","New York-Newark-Jersey City, NY-NJ-PA","36","New York","081","Queens","40.73614","-73.82153"
"01/28/2021","AQS","360810124","1","18.5","ppb","17","QUEENS COLLEGE 2","24","100.0000","42602","Nitrogen dioxide (NO2)","35620","New York-Newark-Jersey City, NY-NJ-PA","36","New York","081","Queens","40.73614","-73.82153"
"01/29/2021","AQS","360810124","1","12.6","ppb","11","QUEENS COLLEGE 2","24","100.0000","42602","Nitrogen dioxide (NO2)","35620","New York-Newark-Jersey City, NY-NJ-PA","36","New York","081","Queens","40.73614","-73.82153"
"01/30/2021","AQS","360810124","1","17.6","ppb","16","QUEENS COLLEGE 2","24","100.0000","42602","Nitrogen dioxide (NO2)","35620","New York-Newark-Jersey City, NY-NJ-PA","36","New York","081","Queens","40.73614","-73.82153"
"01/31/2021","AQS","360810124","1","25.1","ppb","24","QUEENS COLLEGE 2","24","100.0000","42602","Nitrogen dioxide (NO2)","35620","New York-Newark-Jersey City, NY-NJ-PA","36","New York","081","Queens","40.73614","-73.82153"
"02/01/2021","AQS","360810124","1","11.8","ppb","10","QUEENS COLLEGE 2","24","100.0000","42602","Nitrogen dioxide (NO2)","35620","New York-Newark-Jersey City, NY-NJ-PA","36","New York","081","Queens","40.73614","-73.82153"
"02/02/2021","AQS","360810124","1","19.5","ppb","18","QUEENS COLLEGE 2","24","100.0000","42602","Nitrogen dioxide (NO2)","35620","New York-Newark-Jersey City, NY-NJ-PA","36","New York","081","Queens","40.73614","-73.82153"
"02/03/2021","AQS","360810124","1","25.7","ppb","24","QUEENS COLLEGE 2","24","100.0000","42602","Nitrogen dioxide (NO2)","35620","New York-Newark-Jersey City, NY-NJ-PA","36","New York","081","Queens","40.73614","-73.82153"
"02/04/2021","AQS","360810124","1","54.5","ppb","51","QUEENS COLLEGE 2","19","79.0000","42602","Nitrogen dioxide (NO2)","35620","New York-Newark-Jersey City, NY-NJ-PA","36","New York","081","Queens","40.73614","-73.82153"
"02/05/2021","AQS","360810124","1","50.2","ppb","47","QUEENS COLLEGE 2","24","100.0000","42602","Nitrogen dioxide (NO2)","35620","New York-Newark-Jersey City, NY-NJ-PA","36","New York","081","Queens","40.73614","-73.82153"
"02/06/2021","AQS","360810124","1","46","ppb","43","QUEENS COLLEGE 2","24","100.0000","42602","Nitrogen dioxide (NO2)","35620","New York-Newark-Jersey City, NY-NJ-PA","36","New York","081","Queens","40.73614","-73.82153"
"02/07/2021","AQS","360810124","1","49.8","ppb","46","QUEENS COLLEGE 2","24","100.0000","42602","Nitrogen dioxide (NO2)","35620","New York-Newark-Jersey City, NY-NJ-PA","36","New York","081","Queens","40.73614","-73.82153"
"02/08/2021","AQS","360810124","1","46","ppb","43","QUEENS COLLEGE 2","24","100.0000","42602","Nitrogen dioxide (NO2)","35620","New York-Newark-Jersey City, NY-NJ-PA","36","New York","081","Queens","40.73614","-73.82153"
"02/09/2021","AQS","360810124","1","46.3","ppb","43","QUEENS COLLEGE 2","19","79.0000","42602","Nitrogen dioxide (NO2)","35620","New York-Newark-Jersey City, NY-NJ-PA","36","New York","081","Queens","40.73614","-73.82153"
"02/10/2021","AQS","360810124","1","41.4","ppb","39","QUEENS COLLEGE 2","24","100.0000","42602","Nitrogen dioxide (NO2)","35620","New York-Newark-Jersey City, NY-NJ-PA","36","New York","081","Queens","40.73614","-73.82153"
"02/11/2021","AQS","360810124","1","36.3","ppb","34","QUEENS COLLEGE 2","24","100.0000","42602","Nitrogen dioxide (NO2)","35620","New York-Newark-Jersey City, NY-NJ-PA","36","New York","081","Queens","40.73614","-73.82153"
"02/12/2021","AQS","360810124","1","30.8","ppb","28","QUEENS COLLEGE 2","24","100.0000","42602","Nitrogen dioxide (NO2)","35620","New York-Newark-Jersey City, NY-NJ-PA","36","New York","081","Queens","40.73614","-73.82153"
"02/13/2021","AQS","360810124","1","23","ppb","22","QUEENS COLLEGE 2","24","100.0000","42602","Nitrogen dioxide (NO2)","35620","New York-Newark-Jersey City, NY-NJ-PA","36","New York","081","Queens","40.73614","-73.82153"
"02/14/2021","AQS","360810124","1","20.5","ppb","19","QUEENS COLLEGE 2","24","100.0000","42602","Nitrogen dioxide (NO2)","35620","New York-Newark-Jersey City, NY-NJ-PA","36","New York","081","Queens","40.73614","-73.82153"
"02/15/2021","AQS","360810124","1","19","ppb","18","QUEENS COLLEGE 2","24","100.0000","42602","Nitrogen dioxide (NO2)","35620","New York-Newark-Jersey City, NY-NJ-PA","36","New York","081","Queens","40.73614","-73.82153"
"02/16/2021","AQS","360810124","1","38.6","ppb","36","QUEENS COLLEGE 2","24","100.0000","42602","Nitrogen dioxide (NO2)","35620","New York-Newark-Jersey City, NY-NJ-PA","36","New York","081","Queens","40.73614","-73.82153"
"02/17/2021","AQS","360810124","1","31","ppb","29","QUEENS COLLEGE 2","24","100.0000","42602","Nitrogen dioxide (NO2)","35620","New York-Newark-Jersey City, NY-NJ-PA","36","New York","081","Queens","40.73614","-73.82153"
"02/18/2021","AQS","360810124","1","15.5","ppb","14","QUEENS COLLEGE 2","24","100.0000","42602","Nitrogen dioxide (NO2)","35620","New York-Newark-Jersey City, NY-NJ-PA","36","New York","081","Queens","40.73614","-73.82153"
"02/19/2021","AQS","360810124","1","30.8","ppb","28","QUEENS COLLEGE 2","24","100.0000","42602","Nitrogen dioxide (NO2)","35620","New York-Newark-Jersey City, NY-NJ-PA","36","New York","081","Queens","40.73614","-73.82153"
"02/20/2021","AQS","360810124","1","25.1","ppb","24","QUEENS COLLEGE 2","21","88.0000","42602","Nitrogen dioxide (NO2)","35620","New York-Newark-Jersey City, NY-NJ-PA","36","New York","081","Queens","40.73614","-73.82153"
"02/21/2021","AQS","360810124","1","33.5","ppb","31","QUEENS COLLEGE 2","24","100.0000","42602","Nitrogen dioxide (NO2)","35620","New York-Newark-Jersey City, NY-NJ-PA","36","New York","081","Queens","40.73614","-73.82153"
"02/22/2021","AQS","360810124","1","44.3","ppb","42","QUEENS COLLEGE 2","24","100.0000","42602","Nitrogen dioxide (NO2)","35620","New York-Newark-Jersey City, NY-NJ-PA","36","New York","081","Queens","40.73614","-73.82153"
"02/23/2021","AQS","360810124","1","38.3","ppb","36","QUEENS COLLEGE 2","24","100.0000","42602","Nitrogen dioxide (NO2)","35620","New York-Newark-Jersey City, NY-NJ-PA","36","New York","081","Queens","40.73614","-73.82153"
"02/24/2021","AQS","360810124","1","39","ppb","37","QUEENS COLLEGE 2","24","100.0000","42602","Nitrogen dioxide (NO2)","35620","New York-Newark-Jersey City, NY-NJ-PA","36","New York","081","Queens","40.73614","-73.82153"
"02/25/2021","AQS","360810124","1","23.2","ppb","22","QUEENS COLLEGE 2","19","79.0000","42602","Nitrogen dioxide (NO2)","35620","New York-Newark-Jersey City, NY-NJ-PA","36","New York","081","Queens","40.73614","-73.82153"
"02/26/2021","AQS","360810124","1","28.6","ppb","26","QUEENS COLLEGE 2","24","100.0000","42602","Nitrogen dioxide (NO2)","35620","New York-Newark-Jersey City, NY-NJ-PA","36","New York","081","Queens","40.73614","-73.82153"
"02/27/2021","AQS","360810124","1","34.2","ppb","32","QUEENS COLLEGE 2","24","100.0000","42602","Nitrogen dioxide (NO2)","35620","New York-Newark-Jersey City, NY-NJ-PA","36","New York","081","Queens","40.73614","-73.82153"
"02/28/2021","AQS","360810124","1","37.9","ppb","35","QUEENS COLLEGE 2","24","100.0000","42602","Nitrogen dioxide (NO2)","35620","New York-Newark-Jersey City, NY-NJ-PA","36","New York","081","Queens","40.73614","-73.82153"
"03/01/2021","AQS","360810124","1","41.7","ppb","39","QUEENS COLLEGE 2","22","92.0000","42602","Nitrogen dioxide (NO2)","35620","New York-Newark-Jersey City, NY-NJ-PA","36","New York","081","Queens","40.73614","-73.82153"
"03/02/2021","AQS","360810124","1","36.4","ppb","34","QUEENS COLLEGE 2","24","100.0000","42602","Nitrogen dioxide (NO2)","35620","New York-Newark-Jersey City, NY-NJ-PA","36","New York","081","Queens","40.73614","-73.82153"
"03/03/2021","AQS","360810124","1","44.1","ppb","42","QUEENS COLLEGE 2","24","100.0000","42602","Nitrogen dioxide (NO2)","35620","New York-Newark-Jersey City, NY-NJ-PA","36","New York","081","Queens","40.73614","-73.82153"
"03/04/2021","AQS","360810124","1","43.8","ppb","41","QUEENS COLLEGE 2","24","100.0000","42602","Nitrogen dioxide (NO2)","35620","New York-Newark-Jersey City, NY-NJ-PA","36","New York","081","Queens","40.73614","-73.82153"
"03/05/2021","AQS","360810124","1","12.6","ppb","11","QUEENS COLLEGE 2","24","100.0000","42602","Nitrogen dioxide (NO2)","35620","New York-Newark-Jersey City, NY-NJ-PA","36","New York","081","Queens","40.73614","-73.82153"
"03/06/2021","AQS","360810124","1","14.5","ppb","13","QUEENS COLLEGE 2","24","100.0000","42602","Nitrogen dioxide (NO2)","35620","New York-Newark-Jersey City, NY-NJ-PA","36","New York","081","Queens","40.73614","-73.82153"
"03/07/2021","AQS","360810124","1","12.6","ppb","11","QUEENS COLLEGE 2","24","100.0000","42602","Nitrogen dioxide (NO2)","35620","New York-Newark-Jersey City, NY-NJ-PA","36","New York","081","Queens","40.73614","-73.82153"
"03/08/2021","AQS","360810124","1","39","ppb","37","QUEENS COLLEGE 2","19","79.0000","42602","Nitrogen dioxide (NO2)","35620","New York-Newark-Jersey City, NY-NJ-PA","36","New York","081","Queens","40.73614","-73.82153"
"03/09/2021","AQS","360810124","1","42.6","ppb","40","QUEENS COLLEGE 2","24","100.0000","42602","Nitrogen dioxide (NO2)","35620","New York-Newark-Jersey City, NY-NJ-PA","36","New York","081","Queens","40.73614","-73.82153"
"03/10/2021","AQS","360810124","1","45.1","ppb","42","QUEENS COLLEGE 2","24","100.0000","42602","Nitrogen dioxide (NO2)","35620","New York-Newark-Jersey City, NY-NJ-PA","36","New York","081","Queens","40.73614","-73.82153"
"03/11/2021","AQS","360810124","1","46","ppb","43","QUEENS COLLEGE 2","24","100.0000","42602","Nitrogen dioxide (NO2)","35620","New York-Newark-Jersey City, NY-NJ-PA","36","New York","081","Queens","40.73614","-73.82153"
"03/12/2021","AQS","360810124","1","26.1","ppb","25","QUEENS COLLEGE 2","24","100.0000","42602","Nitrogen dioxide (NO2)","35620","New York-Newark-Jersey City, NY-NJ-PA","36","New York","081","Queens","40.73614","-73.82153"
"03/13/2021","AQS","360810124","1","25.4","ppb","24","QUEENS COLLEGE 2","24","100.0000","42602","Nitrogen dioxide (NO2)","35620","New York-Newark-Jersey City, NY-NJ-PA","36","New York","081","Queens","40.73614","-73.82153"
"03/14/2021","AQS","360810124","1","19.4","ppb","18","QUEENS COLLEGE 2","24","100.0000","42602","Nitrogen dioxide (NO2)","35620","New York-Newark-Jersey City, NY-NJ-PA","36","New York","081","Queens","40.73614","-73.82153"
"03/15/2021","AQS","360810124","1","15","ppb","14","QUEENS COLLEGE 2","23","96.0000","42602","Nitrogen dioxide (NO2)","35620","New York-Newark-Jersey City, NY-NJ-PA","36","New York","081","Queens","40.73614","-73.82153"
"03/16/2021","AQS","360810124","1","19.5","ppb","18","QUEENS COLLEGE 2","24","100.0000","42602","Nitrogen dioxide (NO2)","35620","New York-Newark-Jersey City, NY-NJ-PA","36","New York","081","Queens","40.73614","-73.82153"
"03/17/2021","AQS","360810124","1","24.7","ppb","23","QUEENS COLLEGE 2","24","100.0000","42602","Nitrogen dioxide (NO2)","35620","New York-Newark-Jersey City, NY-NJ-PA","36","New York","081","Queens","40.73614","-73.82153"
"03/18/2021","AQS","360810124","1","36.3","ppb","34","QUEENS COLLEGE 2","24","100.0000","42602","Nitrogen dioxide (NO2)","35620","New York-Newark-Jersey City, NY-NJ-PA","36","New York","081","Queens","40.73614","-73.82153"
"03/19/2021","AQS","360810124","1","21.2","ppb","20","QUEENS COLLEGE 2","24","100.0000","42602","Nitrogen dioxide (NO2)","35620","New York-Newark-Jersey City, NY-NJ-PA","36","New York","081","Queens","40.73614","-73.82153"
"03/20/2021","AQS","360810124","1","43.1","ppb","41","QUEENS COLLEGE 2","24","100.0000","42602","Nitrogen dioxide (NO2)","35620","New York-Newark-Jersey City, NY-NJ-PA","36","New York","081","Queens","40.73614","-73.82153"
"03/21/2021","AQS","360810124","1","52","ppb","49","QUEENS COLLEGE 2","24","100.0000","42602","Nitrogen dioxide (NO2)","35620","New York-Newark-Jersey City, NY-NJ-PA","36","New York","081","Queens","40.73614","-73.82153"
"03/22/2021","AQS","360810124","1","38.8","ppb","36","QUEENS COLLEGE 2","24","100.0000","42602","Nitrogen dioxide (NO2)","35620","New York-Newark-Jersey City, NY-NJ-PA","36","New York","081","Queens","40.73614","-73.82153"
"03/23/2021","AQS","360810124","1","21.7","ppb","20","QUEENS COLLEGE 2","24","100.0000","42602","Nitrogen dioxide (NO2)","35620","New York-Newark-Jersey City, NY-NJ-PA","36","New York","081","Queens","40.73614","-73.82153"
"03/24/2021","AQS","360810124","1","28.6","ppb","26","QUEENS COLLEGE 2","24","100.0000","42602","Nitrogen dioxide (NO2)","35620","New York-Newark-Jersey City, NY-NJ-PA","36","New York","081","Queens","40.73614","-73.82153"
"03/25/2021","AQS","360810124","1","32.6","ppb","30","QUEENS COLLEGE 2","24","100.0000","42602","Nitrogen dioxide (NO2)","35620","New York-Newark-Jersey City, NY-NJ-PA","36","New York","081","Queens","40.73614","-73.82153"
"03/26/2021","AQS","360810124","1","19.4","ppb","18","QUEENS COLLEGE 2","24","100.0000","42602","Nitrogen dioxide (NO2)","35620","New York-Newark-Jersey City, NY-NJ-PA","36","New York","081","Queens","40.73614","-73.82153"
"03/27/2021","AQS","360810124","1","14.2","ppb","13","QUEENS COLLEGE 2","18","75.0000","42602","Nitrogen dioxide (NO2)","35620","New York-Newark-Jersey City, NY-NJ-PA","36","New York","081","Queens","40.73614","-73.82153"
"03/28/2021","AQS","360810124","1","14.4","ppb","13","QUEENS COLLEGE 2","24","100.0000","42602","Nitrogen dioxide (NO2)","35620","New York-Newark-Jersey City, NY-NJ-PA","36","New York","081","Queens","40.73614","-73.82153"
"03/29/2021","AQS","360810124","1","29.8","ppb","27","QUEENS COLLEGE 2","23","96.0000","42602","Nitrogen dioxide (NO2)","35620","New York-Newark-Jersey City, NY-NJ-PA","36","New York","081","Queens","40.73614","-73.82153"
"03/30/2021","AQS","360810124","1","43.5","ppb","41","QUEENS COLLEGE 2","24","100.0000","42602","Nitrogen dioxide (NO2)","35620","New York-Newark-Jersey City, NY-NJ-PA","36","New York","081","Queens","40.73614","-73.82153"
"03/31/2021","AQS","360810124","1","21.4","ppb","20","QUEENS COLLEGE 2","24","100.0000","42602","Nitrogen dioxide (NO2)","35620","New York-Newark-Jersey City, NY-NJ-PA","36","New York","081","Queens","40.73614","-73.82153"
"01/01/2021","AQS","360810125","1","28","ppb","26","Queens College Near Road","24","100.0000","42602","Nitrogen dioxide (NO2)","35620","New York-Newark-Jersey City, NY-NJ-PA","36","New York","081","Queens","40.739264","-73.817694"
"01/02/2021","AQS","360810125","1","28.5","ppb","26","Queens College Near Road","24","100.0000","42602","Nitrogen dioxide (NO2)","35620","New York-Newark-Jersey City, NY-NJ-PA","36","New York","081","Queens","40.739264","-73.817694"
"01/03/2021","AQS","360810125","1","19","ppb","18","Queens College Near Road","24","100.0000","42602","Nitrogen dioxide (NO2)","35620","New York-Newark-Jersey City, NY-NJ-PA","36","New York","081","Queens","40.739264","-73.817694"
"01/04/2021","AQS","360810125","1","24.1","ppb","23","Queens College Near Road","24","100.0000","42602","Nitrogen dioxide (NO2)","35620","New York-Newark-Jersey City, NY-NJ-PA","36","New York","081","Queens","40.739264","-73.817694"
"01/05/2021","AQS","360810125","1","28.6","ppb","26","Queens College Near Road","24","100.0000","42602","Nitrogen dioxide (NO2)","35620","New York-Newark-Jersey City, NY-NJ-PA","36","New York","081","Queens","40.739264","-73.817694"
"01/06/2021","AQS","360810125","1","29.9","ppb","27","Queens College Near Road","24","100.0000","42602","Nitrogen dioxide (NO2)","35620","New York-Newark-Jersey City, NY-NJ-PA","36","New York","081","Queens","40.739264","-73.817694"
"01/07/2021","AQS","360810125","1","25.7","ppb","24","Queens College Near Road","24","100.0000","42602","Nitrogen dioxide (NO2)","35620","New York-Newark-Jersey City, NY-NJ-PA","36","New York","081","Queens","40.739264","-73.817694"
"01/08/2021","AQS","360810125","1","29","ppb","27","Queens College Near Road","20","83.0000","42602","Nitrogen dioxide (NO2)","35620","New York-Newark-Jersey City, NY-NJ-PA","36","New York","081","Queens","40.739264","-73.817694"
"01/09/2021","AQS","360810125","1","19.4","ppb","18","Queens College Near Road","24","100.0000","42602","Nitrogen dioxide (NO2)","35620","New York-Newark-Jersey City, NY-NJ-PA","36","New York","081","Queens","40.739264","-73.817694"
"01/10/2021","AQS","360810125","1","36.9","ppb","34","Queens College Near Road","24","100.0000","42602","Nitrogen dioxide (NO2)","35620","New York-Newark-Jersey City, NY-NJ-PA","36","New York","081","Queens","40.739264","-73.817694"
"01/11/2021","AQS","360810125","1","40.8","ppb","38","Queens College Near Road","24","100.0000","42602","Nitrogen dioxide (NO2)","35620","New York-Newark-Jersey City, NY-NJ-PA","36","New York","081","Queens","40.739264","-73.817694"
"01/13/2021","AQS","360810125","1","39","ppb","37","Queens College Near Road","24","100.0000","42602","Nitrogen dioxide (NO2)","35620","New York-Newark-Jersey City, NY-NJ-PA","36","New York","081","Queens","40.739264","-73.817694"
"01/14/2021","AQS","360810125","1","44.4","ppb","42","Queens College Near Road","24","100.0000","42602","Nitrogen dioxide (NO2)","35620","New York-Newark-Jersey City, NY-NJ-PA","36","New York","081","Queens","40.739264","-73.817694"
"01/15/2021","AQS","360810125","1","36.4","ppb","34","Queens College Near Road","24","100.0000","42602","Nitrogen dioxide (NO2)","35620","New York-Newark-Jersey City, NY-NJ-PA","36","New York","081","Queens","40.739264","-73.817694"
"01/16/2021","AQS","360810125","1","24.1","ppb","23","Queens College Near Road","24","100.0000","42602","Nitrogen dioxide (NO2)","35620","New York-Newark-Jersey City, NY-NJ-PA","36","New York","081","Queens","40.739264","-73.817694"
"01/17/2021","AQS","360810125","1","13.4","ppb","12","Queens College Near Road","24","100.0000","42602","Nitrogen dioxide (NO2)","35620","New York-Newark-Jersey City, NY-NJ-PA","36","New York","081","Queens","40.739264","-73.817694"
"01/18/2021","AQS","360810125","1","27.3","ppb","25","Queens College Near Road","24","100.0000","42602","Nitrogen dioxide (NO2)","35620","New York-Newark-Jersey City, NY-NJ-PA","36","New York","081","Queens","40.739264","-73.817694"
"01/19/2021","AQS","360810125","1","34.8","ppb","32","Queens College Near Road","24","100.0000","42602","Nitrogen dioxide (NO2)","35620","New York-Newark-Jersey City, NY-NJ-PA","36","New York","081","Queens","40.739264","-73.817694"
"01/20/2021","AQS","360810125","1","36.1","ppb","34","Queens College Near Road","24","100.0000","42602","Nitrogen dioxide (NO2)","35620","New York-Newark-Jersey City, NY-NJ-PA","36","New York","081","Queens","40.739264","-73.817694"
"01/21/2021","AQS","360810125","1","40","ppb","38","Queens College Near Road","24","100.0000","42602","Nitrogen dioxide (NO2)","35620","New York-Newark-Jersey City, NY-NJ-PA","36","New York","081","Queens","40.739264","-73.817694"
"01/22/2021","AQS","360810125","1","35.4","ppb","33","Queens College Near Road","21","88.0000","42602","Nitrogen dioxide (NO2)","35620","New York-Newark-Jersey City, NY-NJ-PA","36","New York","081","Queens","40.739264","-73.817694"
"01/23/2021","AQS","360810125","1","12.5","ppb","11","Queens College Near Road","24","100.0000","42602","Nitrogen dioxide (NO2)","35620","New York-Newark-Jersey City, NY-NJ-PA","36","New York","081","Queens","40.739264","-73.817694"
"01/24/2021","AQS","360810125","1","16.2","ppb","15","Queens College Near Road","24","100.0000","42602","Nitrogen dioxide (NO2)","35620","New York-Newark-Jersey City, NY-NJ-PA","36","New York","081","Queens","40.739264","-73.817694"
"01/25/2021","AQS","360810125","1","42.9","ppb","40","Queens College Near Road","24","100.0000","42602","Nitrogen dioxide (NO2)","35620","New York-Newark-Jersey City, NY-NJ-PA","36","New York","081","Queens","40.739264","-73.817694"
"01/26/2021","AQS","360810125","1","43","ppb","41","Queens College Near Road","24","100.0000","42602","Nitrogen dioxide (NO2)","35620","New York-Newark-Jersey City, NY-NJ-PA","36","New York","081","Queens","40.739264","-73.817694"
"01/27/2021","AQS","360810125","1","33.4","ppb","31","Queens College Near Road","18","75.0000","42602","Nitrogen dioxide (NO2)","35620","New York-Newark-Jersey City, NY-NJ-PA","36","New York","081","Queens","40.739264","-73.817694"
"01/28/2021","AQS","360810125","1","23.8","ppb","22","Queens College Near Road","24","100.0000","42602","Nitrogen dioxide (NO2)","35620","New York-Newark-Jersey City, NY-NJ-PA","36","New York","081","Queens","40.739264","-73.817694"
"01/29/2021","AQS","360810125","1","18","ppb","17","Queens College Near Road","24","100.0000","42602","Nitrogen dioxide (NO2)","35620","New York-Newark-Jersey City, NY-NJ-PA","36","New York","081","Queens","40.739264","-73.817694"
"01/30/2021","AQS","360810125","1","24.6","ppb","23","Queens College Near Road","24","100.0000","42602","Nitrogen dioxide (NO2)","35620","New York-Newark-Jersey City, NY-NJ-PA","36","New York","081","Queens","40.739264","-73.817694"
"01/31/2021","AQS","360810125","1","27.7","ppb","25","Queens College Near Road","24","100.0000","42602","Nitrogen dioxide (NO2)","35620","New York-Newark-Jersey City, NY-NJ-PA","36","New York","081","Queens","40.739264","-73.817694"
"02/01/2021","AQS","360810125","1","13.3","ppb","12","Queens College Near Road","24","100.0000","42602","Nitrogen dioxide (NO2)","35620","New York-Newark-Jersey City, NY-NJ-PA","36","New York","081","Queens","40.739264","-73.817694"
"02/02/2021","AQS","360810125","1","21.1","ppb","20","Queens College Near Road","24","100.0000","42602","Nitrogen dioxide (NO2)","35620","New York-Newark-Jersey City, NY-NJ-PA","36","New York","081","Queens","40.739264","-73.817694"
"02/03/2021","AQS","360810125","1","30.2","ppb","28","Queens College Near Road","24","100.0000","42602","Nitrogen dioxide (NO2)","35620","New York-Newark-Jersey City, NY-NJ-PA","36","New York","081","Queens","40.739264","-73.817694"
"02/04/2021","AQS","360810125","1","52.8","ppb","49","Queens College Near Road","24","100.0000","42602","Nitrogen dioxide (NO2)","35620","New York-Newark-Jersey City, NY-NJ-PA","36","New York","081","Queens","40.739264","-73.817694"
"02/05/2021","AQS","360810125","1","49","ppb","46","Queens College Near Road","22","92.0000","42602","Nitrogen dioxide (NO2)","35620","New York-Newark-Jersey City, NY-NJ-PA","36","New York","081","Queens","40.739264","-73.817694"
"02/06/2021","AQS","360810125","1","46.5","ppb","43","Queens College Near Road","24","100.0000","42602","Nitrogen dioxide (NO2)","35620","New York-Newark-Jersey City, NY-NJ-PA","36","New York","081","Queens","40.739264","-73.817694"
"02/07/2021","AQS","360810125","1","77.4","ppb","76","Queens College Near Road","24","100.0000","42602","Nitrogen dioxide (NO2)","35620","New York-Newark-Jersey City, NY-NJ-PA","36","New York","081","Queens","40.739264","-73.817694"
"02/08/2021","AQS","360810125","1","44","ppb","42","Queens College Near Road","24","100.0000","42602","Nitrogen dioxide (NO2)","35620","New York-Newark-Jersey City, NY-NJ-PA","36","New York","081","Queens","40.739264","-73.817694"
"02/10/2021","AQS","360810125","1","44.1","ppb","42","Queens College Near Road","24","100.0000","42602","Nitrogen dioxide (NO2)","35620","New York-Newark-Jersey City, NY-NJ-PA","36","New York","081","Queens","40.739264","-73.817694"
"02/11/2021","AQS","360810125","1","39.2","ppb","37","Queens College Near Road","22","92.0000","42602","Nitrogen dioxide (NO2)","35620","New York-Newark-Jersey City, NY-NJ-PA","36","New York","081","Queens","40.739264","-73.817694"
"02/12/2021","AQS","360810125","1","34.6","ppb","32","Queens College Near Road","22","92.0000","42602","Nitrogen dioxide (NO2)","35620","New York-Newark-Jersey City, NY-NJ-PA","36","New York","081","Queens","40.739264","-73.817694"
"02/13/2021","AQS","360810125","1","25.4","ppb","24","Queens College Near Road","24","100.0000","42602","Nitrogen dioxide (NO2)","35620","New York-Newark-Jersey City, NY-NJ-PA","36","New York","081","Queens","40.739264","-73.817694"
"02/14/2021","AQS","360810125","1","25.6","ppb","24","Queens College Near Road","24","100.0000","42602","Nitrogen dioxide (NO2)","35620","New York-Newark-Jersey City, NY-NJ-PA","36","New York","081","Queens","40.739264","-73.817694"
"02/15/2021","AQS","360810125","1","24.4","ppb","23","Queens College Near Road","24","100.0000","42602","Nitrogen dioxide (NO2)","35620","New York-Newark-Jersey City, NY-NJ-PA","36","New York","081","Queens","40.739264","-73.817694"
"02/16/2021","AQS","360810125","1","36.2","ppb","34","Queens College Near Road","20","83.0000","42602","Nitrogen dioxide (NO2)","35620","New York-Newark-Jersey City, NY-NJ-PA","36","New York","081","Queens","40.739264","-73.817694"
"02/18/2021","AQS","360810125","1","25.1","ppb","24","Queens College Near Road","24","100.0000","42602","Nitrogen dioxide (NO2)","35620","New York-Newark-Jersey City, NY-NJ-PA","36","New York","081","Queens","40.739264","-73.817694"
"02/19/2021","AQS","360810125","1","34","ppb","32","Queens College Near Road","24","100.0000","42602","Nitrogen dioxide (NO2)","35620","New York-Newark-Jersey City, NY-NJ-PA","36","New York","081","Queens","40.739264","-73.817694"
"02/20/2021","AQS","360810125","1","27","ppb","25","Queens College Near Road","24","100.0000","42602","Nitrogen dioxide (NO2)","35620","New York-Newark-Jersey City, NY-NJ-PA","36","New York","081","Queens","40.739264","-73.817694"
"02/21/2021","AQS","360810125","1","33.5","ppb","31","Queens College Near Road","24","100.0000","42602","Nitrogen dioxide (NO2)","35620","New York-Newark-Jersey City, NY-NJ-PA","36","New York","081","Queens","40.739264","-73.817694"
"02/22/2021","AQS","360810125","1","46.2","ppb","43","Queens College Near Road","24","100.0000","42602","Nitrogen dioxide (NO2)","35620","New York-Newark-Jersey City, NY-NJ-PA","36","New York","081","Queens","40.739264","-73.817694"
"02/23/2021","AQS","360810125","1","35.9","ppb","33","Queens College Near Road","24","100.0000","42602","Nitrogen dioxide (NO2)","35620","New York-Newark-Jersey City, NY-NJ-PA","36","New York","081","Queens","40.739264","-73.817694"
"02/24/2021","AQS","360810125","1","38.8","ppb","36","Queens College Near Road","24","100.0000","42602","Nitrogen dioxide (NO2)","35620","New York-Newark-Jersey City, NY-NJ-PA","36","New York","081","Queens","40.739264","-73.817694"
"02/25/2021","AQS","360810125","1","35.3","ppb","33","Queens College Near Road","24","100.0000","42602","Nitrogen dioxide (NO2)","35620","New York-Newark-Jersey City, NY-NJ-PA","36","New York","081","Queens","40.739264","-73.817694"
"02/26/2021","AQS","360810125","1","35.9","ppb","33","Queens College Near Road","22","92.0000","42602","Nitrogen dioxide (NO2)","35620","New York-Newark-Jersey City, NY-NJ-PA","36","New York","081","Queens","40.739264","-73.817694"
"02/27/2021","AQS","360810125","1","36.1","ppb","34","Queens College Near Road","24","100.0000","42602","Nitrogen dioxide (NO2)","35620","New York-Newark-Jersey City, NY-NJ-PA","36","New York","081","Queens","40.739264","-73.817694"
"02/28/2021","AQS","360810125","1","38.8","ppb","36","Queens College Near Road","24","100.0000","42602","Nitrogen dioxide (NO2)","35620","New York-Newark-Jersey City, NY-NJ-PA","36","New York","081","Queens","40.739264","-73.817694"
"03/01/2021","AQS","360810125","1","41.9","ppb","39","Queens College Near Road","24","100.0000","42602","Nitrogen dioxide (NO2)","35620","New York-Newark-Jersey City, NY-NJ-PA","36","New York","081","Queens","40.739264","-73.817694"
"03/03/2021","AQS","360810125","1","44.1","ppb","42","Queens College Near Road","24","100.0000","42602","Nitrogen dioxide (NO2)","35620","New York-Newark-Jersey City, NY-NJ-PA","36","New York","081","Queens","40.739264","-73.817694"
"03/04/2021","AQS","360810125","1","43.5","ppb","41","Queens College Near Road","24","100.0000","42602","Nitrogen dioxide (NO2)","35620","New York-Newark-Jersey City, NY-NJ-PA","36","New York","081","Queens","40.739264","-73.817694"
"03/06/2021","AQS","360810125","1","17.9","ppb","16","Queens College Near Road","24","100.0000","42602","Nitrogen dioxide (NO2)","35620","New York-Newark-Jersey City, NY-NJ-PA","36","New York","081","Queens","40.739264","-73.817694"
"03/07/2021","AQS","360810125","1","15.6","ppb","14","Queens College Near Road","24","100.0000","42602","Nitrogen dioxide (NO2)","35620","New York-Newark-Jersey City, NY-NJ-PA","36","New York","081","Queens","40.739264","-73.817694"
"03/08/2021","AQS","360810125","1","40.4","ppb","38","Queens College Near Road","24","100.0000","42602","Nitrogen dioxide (NO2)","35620","New York-Newark-Jersey City, NY-NJ-PA","36","New York","081","Queens","40.739264","-73.817694"
"03/09/2021","AQS","360810125","1","39.9","ppb","37","Queens College Near Road","24","100.0000","42602","Nitrogen dioxide (NO2)","35620","New York-Newark-Jersey City, NY-NJ-PA","36","New York","081","Queens","40.739264","-73.817694"
"03/11/2021","AQS","360810125","1","38.1","ppb","36","Queens College Near Road","24","100.0000","42602","Nitrogen dioxide (NO2)","35620","New York-Newark-Jersey City, NY-NJ-PA","36","New York","081","Queens","40.739264","-73.817694"
"03/12/2021","AQS","360810125","1","28.7","ppb","26","Queens College Near Road","24","100.0000","42602","Nitrogen dioxide (NO2)","35620","New York-Newark-Jersey City, NY-NJ-PA","36","New York","081","Queens","40.739264","-73.817694"
"03/13/2021","AQS","360810125","1","24.8","ppb","23","Queens College Near Road","24","100.0000","42602","Nitrogen dioxide (NO2)","35620","New York-Newark-Jersey City, NY-NJ-PA","36","New York","081","Queens","40.739264","-73.817694"
"03/14/2021","AQS","360810125","1","18.3","ppb","17","Queens College Near Road","24","100.0000","42602","Nitrogen dioxide (NO2)","35620","New York-Newark-Jersey City, NY-NJ-PA","36","New York","081","Queens","40.739264","-73.817694"
"03/15/2021","AQS","360810125","1","21.7","ppb","20","Queens College Near Road","24","100.0000","42602","Nitrogen dioxide (NO2)","35620","New York-Newark-Jersey City, NY-NJ-PA","36","New York","081","Queens","40.739264","-73.817694"
"03/16/2021","AQS","360810125","1","32.7","ppb","30","Queens College Near Road","24","100.0000","42602","Nitrogen dioxide (NO2)","35620","New York-Newark-Jersey City, NY-NJ-PA","36","New York","081","Queens","40.739264","-73.817694"
"03/17/2021","AQS","360810125","1","29.4","ppb","27","Queens College Near Road","21","88.0000","42602","Nitrogen dioxide (NO2)","35620","New York-Newark-Jersey City, NY-NJ-PA","36","New York","081","Queens","40.739264","-73.817694"
"03/18/2021","AQS","360810125","1","41","ppb","39","Queens College Near Road","24","100.0000","42602","Nitrogen dioxide (NO2)","35620","New York-Newark-Jersey City, NY-NJ-PA","36","New York","081","Queens","40.739264","-73.817694"
"03/19/2021","AQS","360810125","1","28.4","ppb","26","Queens College Near Road","24","100.0000","42602","Nitrogen dioxide (NO2)","35620","New York-Newark-Jersey City, NY-NJ-PA","36","New York","081","Queens","40.739264","-73.817694"
"03/20/2021","AQS","360810125","1","43","ppb","41","Queens College Near Road","24","100.0000","42602","Nitrogen dioxide (NO2)","35620","New York-Newark-Jersey City, NY-NJ-PA","36","New York","081","Queens","40.739264","-73.817694"
"03/21/2021","AQS","360810125","1","51.2","ppb","48","Queens College Near Road","24","100.0000","42602","Nitrogen dioxide (NO2)","35620","New York-Newark-Jersey City, NY-NJ-PA","36","New York","081","Queens","40.739264","-73.817694"
"03/22/2021","AQS","360810125","1","38.2","ppb","36","Queens College Near Road","24","100.0000","42602","Nitrogen dioxide (NO2)","35620","New York-Newark-Jersey City, NY-NJ-PA","36","New York","081","Queens","40.739264","-73.817694"
"03/24/2021","AQS","360810125","1","32.3","ppb","30","Queens College Near Road","24","100.0000","42602","Nitrogen dioxide (NO2)","35620","New York-Newark-Jersey City, NY-NJ-PA","36","New York","081","Queens","40.739264","-73.817694"
"03/25/2021","AQS","360810125","1","34","ppb","32","Queens College Near Road","24","100.0000","42602","Nitrogen dioxide (NO2)","35620","New York-Newark-Jersey City, NY-NJ-PA","36","New York","081","Queens","40.739264","-73.817694"
"03/26/2021","AQS","360810125","1","19","ppb","18","Queens College Near Road","24","100.0000","42602","Nitrogen dioxide (NO2)","35620","New York-Newark-Jersey City, NY-NJ-PA","36","New York","081","Queens","40.739264","-73.817694"
"03/27/2021","AQS","360810125","1","16.2","ppb","15","Queens College Near Road","24","100.0000","42602","Nitrogen dioxide (NO2)","35620","New York-Newark-Jersey City, NY-NJ-PA","36","New York","081","Queens","40.739264","-73.817694"
"03/28/2021","AQS","360810125","1","19.8","ppb","18","Queens College Near Road","24","100.0000","42602","Nitrogen dioxide (NO2)","35620","New York-Newark-Jersey City, NY-NJ-PA","36","New York","081","Queens","40.739264","-73.817694"
"03/29/2021","AQS","360810125","1","39.1","ppb","37","Queens College Near Road","24","100.0000","42602","Nitrogen dioxide (NO2)","35620","New York-Newark-Jersey City, NY-NJ-PA","36","New York","081","Queens","40.739264","-73.817694"
"03/30/2021","AQS","360810125","1","47.8","ppb","44","Queens College Near Road","19","79.0000","42602","Nitrogen dioxide (NO2)","35620","New York-Newark-Jersey City, NY-NJ-PA","36","New York","081","Queens","40.739264","-73.817694"
"03/31/2021","AQS","360810125","1","26.1","ppb","25","Queens College Near Road","24","100.0000","42602","Nitrogen dioxide (NO2)","35620","New York-Newark-Jersey City, NY-NJ-PA","36","New York","081","Queens","40.739264","-73.817694"
